release,fitness,c1,c2,d1,d2,d3,n1,n2,n3,n4,n5,s1,s2,s3,s4,s5,s6,s7,s8,s9,s10,s11,s12,s13,s14,s15
mockito-0.9/run.0,0.37792704,10,10,30, inf,0.90,5,200,0.30, blind, expression , false, true, true, true, true, true, false, false, false, true, true, true, false, true,5
mockito-0.9/run.1,0.37792704,10,10,30, inf,0.90,5,1000,0.30, blind, expression , false, true, false, true, true, false, true, true, false, true, true, true, false, false,5
mockito-0.9/run.10,0.37792704,10,10,30, inf,0.90,5,100,0.30, blind, expression , false, true, true, true, false, false, false, true, false, true, true, true, false, false,5
mockito-0.9/run.11,0.37792704,10,10,30, inf,0.90,5,1000,0.30, blind, expression , false, true, true, true, false, true, false, true, false, true, true, true, false, true,5
mockito-0.9/run.12,0.37792704,10,10,30, inf,0.90,5,1000,0.30, blind, expression , false, true, false, true, false, true, false, true, false, true, true, false, false, true,5
mockito-0.9/run.13,0.37792704,10,10,30, inf,0.90,5,400,0.30, blind, expression , false, true, false, true, false, false, true, false, false, false, true, true, false, true,5
mockito-0.9/run.14,0.37792704,10,10,30, inf,0.90,5,1000,0.30, blind, expression , false, true, false, true, false, false, false, true, false, false, true, true, false, true,5
mockito-0.9/run.15,0.37792704,10,10,30, inf,0.90,5,1000,0.30, blind, expression , false, true, true, true, false, true, true, true, false, false, true, true, false, false,5
mockito-0.9/run.16,0.37792704,10,10,30, inf,0.90,5,600,0.30, blind, expression , false, true, false, true, true, false, false, false, false, true, true, true, false, true,5
mockito-0.9/run.17,0.37792704,10,10,30, inf,0.90,5,400,0.30, blind, expression , false, true, false, true, true, true, true, false, false, false, true, false, false, false,5
mockito-0.9/run.18,0.37792704,10,10,30, inf,0.90,5,600,0.30, blind, expression , false, true, false, true, false, false, false, true, false, false, true, true, false, true,5
mockito-0.9/run.19,0.37792704,10,10,30, inf,0.90,5,400,0.30, blind, expression , false, true, true, true, false, false, true, true, false, false, true, false, false, true,5
mockito-0.9/run.2,0.37792704,10,10,30, inf,0.90,5,100,0.30, blind, expression , false, true, false, true, true, false, true, false, false, false, true, true, false, true,5
mockito-0.9/run.3,0.37792704,10,10,30, inf,0.90,5,400,0.30, blind, expression , false, true, true, true, true, true, true, true, false, true, true, true, false, true,5
mockito-0.9/run.4,0.37792704,10,10,30, inf,0.90,5,600,0.30, blind, expression , false, true, false, true, true, true, true, true, false, true, true, true, false, false,5
mockito-0.9/run.5,0.37792704,10,10,30, inf,0.90,5,200,0.30, blind, expression , false, true, false, true, false, false, true, true, false, false, true, false, false, true,5
mockito-0.9/run.6,0.37792704,10,10,30, inf,0.90,5,600,0.30, blind, expression , false, true, true, true, true, true, false, false, false, true, true, false, false, true,5
mockito-0.9/run.7,0.37792704,10,10,30, inf,0.90,5,800,0.30, blind, expression , false, true, true, true, false, false, true, false, false, false, true, false, false, true,5
mockito-0.9/run.8,0.37792704,10,10,30, inf,0.90,5,100,0.30, blind, expression , false, true, true, true, false, true, false, true, false, false, true, true, false, false,5
mockito-0.9/run.9,0.37792704,10,10,30, inf,0.90,5,800,0.30, blind, expression , false, true, true, true, false, false, true, true, false, true, true, false, false, false,5
mockito-1.0/run.0,0.489098837,60,20,50,8,1.00,7,1000,0.10, none, none , false, false, true, false, false, false, false, false, false, false, false, false, true, false,6
mockito-1.0/run.1,0.489098837,80,18,50,8,1.00,6,1000,0.10, none, none , false, false, false, false, true, true, false, false, false, false, true, false, true, false,6
mockito-1.0/run.11,0.489098837,70,18,50,8,1.00,6,800,0.00, none, literal , false, false, true, false, true, false, true, true, false, false, false, false, true, true,6
mockito-1.0/run.12,0.489098837,20,20,50,8,1.00,6,600,0.00, none, literal , false, false, false, false, false, true, true, true, false, false, false, false, true, true,6
mockito-1.0/run.13,0.489098837,70,18,50,8,1.00,5,800,0.00, none, literal , false, false, false, false, true, true, false, false, false, false, false, false, true, true,6
mockito-1.0/run.14,0.489098837,80,17,50,8,1.00,5,800,0.10, none, none , false, false, false, false, true, true, false, true, false, false, true, false, true, true,6
mockito-1.0/run.16,0.489098837,80,20,50,8,1.00,6,800,0.10, none, condition , false, false, false, false, false, false, false, false, false, false, true, false, true, false,6
mockito-1.0/run.17,0.489098837,70,18,50,8,1.00,6,100,0.10, none, none , false, false, false, false, true, true, false, true, false, false, false, false, true, true,6
mockito-1.0/run.18,0.489098837,70,16,50,8,1.00,7,100,0.00, none, literal , false, false, false, false, true, false, false, false, false, false, true, false, true, false,6
mockito-1.0/run.19,0.489098837,80,18,50,8,1.00,7,100,0.10, none, none , false, false, false, false, true, true, false, true, false, false, false, false, true, true,6
mockito-1.0/run.2,0.489098837,60,20,50,8,1.00,5,400,0.10, none, literal , false, false, true, false, true, false, true, false, false, false, false, false, true, true,6
mockito-1.0/run.3,0.489098837,110,20,50,8,1.00,6,1000,0.10, none, none , false, false, false, false, false, false, true, true, false, false, true, false, true, true,6
mockito-1.0/run.6,0.489098837,40,20,50,8,1.00,6,200,0.10, none, condition , false, false, false, false, false, false, false, true, false, false, true, false, true, true,6
mockito-1.0/run.7,0.489098837,70,16,50,8,1.00,6,1000,0.10, none, declaration , false, false, false, false, false, true, false, false, false, false, false, false, true, false,6
mockito-1.0/run.8,0.489098837,70,20,50,8,1.00,7,1000,0.10, none, condition , false, false, false, false, true, true, true, false, false, false, false, false, true, false,6
mockito-1.0/run.9,0.489098837,30,20,50,8,1.00,5,600,0.10, none, condition , false, false, true, false, false, true, true, false, false, false, true, false, true, true,6
mockito-1.0/run.15,0.470489443,20,17,50,8,1.00,6,100,0.00, none, literal , true, true, false, false, true, false, true, true, false, true, false, false, true, false,7
mockito-1.0/run.4,0.469483568,110,17,50,8,1.00,6,100,0.10, none, literal , true, true, false, false, false, false, false, true, false, true, true, false, true, false,7
mockito-1.0/run.5,0.469483568,110,17,50,8,1.00,7,200,0.10, none, none , true, true, true, false, true, false, true, false, false, false, true, false, false, true,7
mockito-1.0/run.10,0.382557634,110,14,30,5,1.00,7,1000,0.10, none, expression , false, true, true, true, true, false, true, true, false, true, false, false, true, true,5
mockito-1.1/run.0,0.483333333,30,20,50,8,1.00,7,200,0.10, none, none , false, false, true, false, false, true, false, false, false, false, false, false, true, true,6
mockito-1.1/run.1,0.483333333,20,20,50,8,1.00,5,400,0.00, none, literal , false, false, false, false, true, false, true, false, false, false, true, false, true, true,6
mockito-1.1/run.10,0.483333333,80,16,50,8,1.00,6,600,0.10, none, none , false, false, false, false, true, true, true, false, false, false, true, false, true, true,6
mockito-1.1/run.11,0.483333333,80,20,50,8,1.00,6,1000,0.10, none, literal , false, false, false, false, true, false, true, false, false, false, false, false, true, true,6
mockito-1.1/run.12,0.483333333,80,19,50,8,1.00,7,200,0.00, none, literal , false, false, true, false, false, true, false, false, false, false, false, false, true, true,6
mockito-1.1/run.13,0.483333333,70,18,50,8,1.00,7,100,0.10, none, literal , false, false, false, false, true, true, true, false, false, false, false, false, true, false,6
mockito-1.1/run.14,0.483333333,80,19,50,8,1.00,6,400,0.00, none, literal , false, false, true, false, true, true, false, false, false, false, false, false, true, false,6
mockito-1.1/run.16,0.483333333,80,16,50,8,1.00,5,100,0.00, none, literal , false, false, true, false, true, false, false, true, false, false, false, false, true, false,6
mockito-1.1/run.17,0.483333333,80,20,50,8,1.00,6,800,0.10, none, none , false, false, true, false, true, false, true, true, false, false, false, false, true, true,6
mockito-1.1/run.19,0.483333333,80,16,50,8,1.00,6,200,0.10, none, none , false, false, false, false, true, true, false, false, false, false, false, false, true, false,6
mockito-1.1/run.2,0.483333333,50,20,50,8,1.00,5,800,0.10, none, condition , false, false, false, false, true, true, false, true, false, false, false, false, true, true,6
mockito-1.1/run.3,0.483333333,110,20,50,8,1.00,7,400,0.10, none, condition , false, false, true, false, false, false, true, true, false, false, false, false, true, true,6
mockito-1.1/run.4,0.483333333,110,20,50,8,1.00,6,800,0.10, none, literal , false, false, true, false, true, false, true, false, false, false, false, false, true, false,6
mockito-1.1/run.5,0.483333333,80,17,50,8,1.00,7,400,0.10, none, declaration , false, false, true, false, false, false, false, true, false, false, true, false, true, true,6
mockito-1.1/run.6,0.483333333,80,18,50,8,1.00,5,400,0.10, none, none , false, false, true, false, true, true, false, false, false, false, true, false, true, true,6
mockito-1.1/run.8,0.483333333,80,18,50,8,1.00,6,200,0.10, none, none , false, false, true, false, true, true, false, true, false, false, false, false, true, true,6
mockito-1.1/run.9,0.483333333,80,18,50,8,1.00,6,600,0.10, none, literal , false, false, false, false, false, true, false, true, false, false, false, false, true, true,6
mockito-1.1/run.18,0.462605833,20,17,50,8,1.00,7,1000,0.00, none, literal , true, true, true, false, true, true, false, true, false, false, false, true, false, false,7
mockito-1.1/run.7,0.462605833,20,17,50,8,1.00,5,1000,0.10, none, literal , true, true, false, false, true, true, false, true, false, false, false, true, false, true,7
mockito-1.1/run.15,0.412670503,110,10,50, inf,0.95,5,400,0.30, blind, expression , false, true, false, true, true, true, false, true, false, true, true, true, false, false,5
mockito-1.2/run.0,0.483002833,70,20,50,8,1.00,5,400,0.00, none, literal , false, false, true, false, false, true, false, true, false, false, true, false, true, false,6
mockito-1.2/run.1,0.483002833,80,17,50,8,1.00,7,600,0.10, none, declaration , false, false, false, false, false, true, true, true, false, false, false, false, true, false,6
mockito-1.2/run.10,0.483002833,110,20,50,8,1.00,5,800,0.10, none, declaration , false, false, false, false, false, true, true, false, false, false, true, false, true, true,6
mockito-1.2/run.11,0.483002833,70,20,50,8,1.00,5,100,0.00, none, literal , false, false, false, false, false, true, false, false, false, false, true, false, true, false,6
mockito-1.2/run.12,0.483002833,70,17,50,8,1.00,5,800,0.10, none, none , false, false, false, false, false, false, true, true, false, false, false, false, true, true,6
mockito-1.2/run.13,0.483002833,110,20,50,8,1.00,6,1000,0.10, none, none , false, false, true, false, true, true, true, true, false, false, false, false, true, false,6
mockito-1.2/run.14,0.483002833,70,19,50,8,1.00,7,600,0.10, none, declaration , false, false, true, false, false, false, false, false, false, false, true, false, true, true,6
mockito-1.2/run.15,0.483002833,80,16,50,8,1.00,5,400,0.10, none, declaration , false, false, false, false, true, false, true, true, false, false, false, false, true, false,6
mockito-1.2/run.16,0.483002833,110,20,50,8,1.00,7,600,0.10, blind, condition , false, false, false, false, false, false, false, false, false, false, false, false, true, false,6
mockito-1.2/run.17,0.483002833,80,16,50,8,1.00,6,400,0.10, none, none , false, false, true, false, false, true, true, true, false, false, false, false, true, false,6
mockito-1.2/run.18,0.483002833,80,19,50,8,1.00,7,1000,0.00, none, literal , false, false, true, false, true, true, false, true, false, false, false, false, true, false,6
mockito-1.2/run.19,0.483002833,80,18,50,8,1.00,6,1000,0.10, none, none , false, false, false, false, true, false, true, false, false, false, false, false, true, true,6
mockito-1.2/run.2,0.483002833,70,16,50,8,1.00,7,400,0.10, none, none , false, false, false, false, true, false, true, true, false, false, true, false, true, true,6
mockito-1.2/run.3,0.483002833,80,20,50,8,1.00,7,200,0.10, none, literal , false, false, true, false, false, false, true, true, false, false, true, false, true, true,6
mockito-1.2/run.4,0.483002833,70,20,50,8,1.00,7,600,0.10, blind, condition , false, false, true, false, false, true, true, false, false, false, true, false, true, false,6
mockito-1.2/run.5,0.483002833,70,16,50,8,1.00,6,1000,0.10, none, condition , false, false, true, false, false, false, true, false, false, false, false, false, true, true,6
mockito-1.2/run.6,0.483002833,40,20,50,8,1.00,5,100,0.10, none, none , false, false, false, false, false, false, true, false, false, false, true, false, true, true,6
mockito-1.2/run.7,0.483002833,50,20,50,8,1.00,7,1000,0.10, blind, declaration , false, false, false, false, false, true, false, true, false, false, false, false, true, true,6
mockito-1.2/run.8,0.483002833,70,19,50,8,1.00,7,400,0.00, none, literal , false, false, false, false, false, false, false, true, false, false, true, false, true, false,6
mockito-1.2/run.9,0.463818861,20,17,50,8,1.00,5,800,0.20, none, declaration , true, true, true, false, true, true, true, true, false, true, false, true, false, false,7
mockito-1.3/run.0,0.503943218,80,18,50,5,1.00,7,1000,0.10, blind, none , false, false, false, false, false, true, false, true, false, false, true, false, true, true,6
mockito-1.3/run.10,0.503943218,70,18,50,5,1.00,7,200,0.10, blind, condition , false, false, true, false, false, true, true, false, false, false, false, false, true, false,6
mockito-1.3/run.11,0.503943218,70,16,50,5,1.00,7,200,0.00, none, literal , false, false, true, false, true, false, false, true, false, false, false, false, true, true,6
mockito-1.3/run.12,0.503943218,70,18,50,5,1.00,5,600,0.10, none, none , false, false, false, false, true, true, true, true, false, false, false, false, true, false,6
mockito-1.3/run.13,0.503943218,80,18,50,5,1.00,6,400,0.00, none, literal , false, false, true, false, false, true, false, true, false, false, false, false, true, true,6
mockito-1.3/run.14,0.503943218,80,19,50,5,1.00,7,200,0.10, blind, none , false, false, true, false, true, false, false, false, false, false, false, false, true, false,6
mockito-1.3/run.15,0.503943218,80,17,50,5,1.00,6,800,0.10, none, condition , false, false, false, false, false, true, true, true, false, false, false, false, true, true,6
mockito-1.3/run.16,0.503943218,80,17,50,5,1.00,7,200,0.10, blind, none , false, false, true, false, true, false, false, true, false, false, true, false, true, true,6
mockito-1.3/run.17,0.503943218,70,19,50,5,1.00,5,800,0.10, none, condition , false, false, true, false, false, false, true, false, false, false, false, false, true, true,6
mockito-1.3/run.18,0.503943218,70,17,50,5,1.00,7,400,0.00, none, literal , false, false, false, false, false, true, false, false, false, false, false, false, true, true,6
mockito-1.3/run.19,0.503943218,60,20,50,5,1.00,7,600,0.10, blind, literal , false, false, true, false, false, true, true, false, false, false, false, false, true, false,6
mockito-1.3/run.2,0.503943218,80,19,50,5,1.00,5,600,0.00, none, literal , false, false, true, false, true, true, true, false, false, false, false, false, true, false,6
mockito-1.3/run.3,0.503943218,70,17,50,5,1.00,7,200,0.00, blind, literal , false, false, true, false, false, true, false, false, false, false, false, false, true, false,6
mockito-1.3/run.4,0.503943218,80,16,50,5,1.00,6,400,0.10, none, condition , false, false, false, false, false, false, true, true, false, false, true, false, true, false,6
mockito-1.3/run.5,0.503943218,70,16,50,5,1.00,7,1000,0.10, none, none , false, false, true, false, false, true, false, true, false, false, false, false, true, true,6
mockito-1.3/run.6,0.503943218,60,20,50,5,1.00,7,200,0.10, none, declaration , false, false, false, false, false, true, false, false, false, false, false, false, true, false,6
mockito-1.3/run.7,0.503943218,70,16,50,5,1.00,5,800,0.10, none, none , false, false, true, false, false, false, true, true, false, false, true, false, true, true,6
mockito-1.3/run.8,0.503943218,70,17,50,5,1.00,7,800,0.00, none, literal , false, false, false, false, false, false, true, true, false, false, false, false, true, true,6
mockito-1.3/run.9,0.503943218,80,17,50,5,1.00,5,800,0.10, none, none , false, false, false, false, true, true, false, false, false, false, true, false, true, true,6
mockito-1.3/run.1,0.495440729,70,17,50,5,1.00,7,100,0.10, blind, none , false, false, false, false, true, true, true, true, false, false, false, true, false, true,6
mockito-1.4/run.0,0.505434783,70,18,50,8,1.00,5,600,0.10, none, none , false, false, false, false, false, true, true, false, false, false, true, false, true, false,6
mockito-1.4/run.1,0.505434783,30,20,50,8,1.00,5,800,0.10, none, none , false, false, true, false, false, false, true, false, false, false, true, false, true, false,6
mockito-1.4/run.10,0.505434783,70,17,50,8,1.00,6,400,0.00, none, literal , false, false, true, false, true, false, true, false, false, false, true, false, true, false,6
mockito-1.4/run.12,0.505434783,80,17,50,8,1.00,7,1000,0.10, none, condition , false, false, true, false, false, false, false, false, false, false, false, false, true, false,6
mockito-1.4/run.13,0.505434783,80,18,50,8,1.00,7,200,0.10, none, declaration , false, false, false, false, true, false, true, true, false, false, true, false, true, false,6
mockito-1.4/run.14,0.505434783,80,19,50,8,1.00,7,800,0.10, none, declaration , false, false, false, false, false, false, false, true, false, false, true, false, true, false,6
mockito-1.4/run.15,0.505434783,80,19,50,8,1.00,7,1000,0.10, none, none , false, false, false, false, false, true, true, false, false, false, false, false, true, false,6
mockito-1.4/run.16,0.505434783,70,17,50,8,1.00,5,1000,0.10, none, declaration , false, false, false, false, true, true, false, false, false, false, true, false, true, false,6
mockito-1.4/run.17,0.505434783,70,19,50,8,1.00,6,800,0.10, none, none , false, false, true, false, false, true, false, true, false, false, false, false, true, false,6
mockito-1.4/run.18,0.505434783,80,16,50,8,1.00,7,600,0.10, none, condition , false, false, false, false, true, false, true, false, false, false, false, false, true, true,6
mockito-1.4/run.19,0.505434783,80,18,50,8,1.00,6,200,0.10, none, condition , false, false, true, false, false, true, false, false, false, false, false, false, true, true,6
mockito-1.4/run.2,0.505434783,60,20,50,8,1.00,6,400,0.00, none, literal , false, false, true, false, false, true, false, false, false, false, true, false, true, false,6
mockito-1.4/run.3,0.505434783,20,20,50,8,1.00,6,200,0.10, none, declaration , false, false, true, false, false, false, true, false, false, false, true, false, true, false,6
mockito-1.4/run.4,0.505434783,70,19,50,8,1.00,6,600,0.10, none, declaration , false, false, true, false, false, false, true, false, false, false, true, false, true, true,6
mockito-1.4/run.5,0.505434783,70,19,50,8,1.00,5,400,0.10, none, literal , false, false, true, false, true, false, false, false, false, false, false, false, true, true,6
mockito-1.4/run.6,0.505434783,70,20,50,8,1.00,5,200,0.10, none, none , false, false, false, false, true, true, true, true, false, false, true, false, true, false,6
mockito-1.4/run.7,0.505434783,70,17,50,8,1.00,6,800,0.10, none, declaration , false, false, true, false, false, false, false, true, false, false, true, false, true, true,6
mockito-1.4/run.9,0.505434783,70,20,50,8,1.00,6,1000,0.00, none, literal , false, false, true, false, true, false, false, true, false, false, false, false, true, true,6
mockito-1.4/run.11,0.503532182,70,18,50,16,0.95,6,800,0.00, none, literal , false, false, true, false, true, false, false, true, false, false, false, false, true, false,6
mockito-1.4/run.8,0.503532182,20,20,50,16,0.95,7,100,0.10, none, declaration , false, false, false, false, true, true, true, true, false, false, true, false, true, false,6
mockito-1.5/run.0,0.498489426,70,18,50,8,1.00,5,600,0.10, none, declaration , false, false, false, false, true, true, true, true, false, false, false, false, true, true,6
mockito-1.5/run.1,0.498489426,40,20,50,8,1.00,7,400,0.10, none, literal , false, false, true, false, false, true, true, false, false, false, true, false, true, true,6
mockito-1.5/run.10,0.498489426,80,18,50,8,1.00,5,400,0.10, none, none , false, false, true, false, true, true, true, false, false, false, false, false, true, false,6
mockito-1.5/run.11,0.498489426,60,20,50,8,1.00,5,600,0.10, none, literal , false, false, true, false, true, true, true, true, false, false, true, false, true, false,6
mockito-1.5/run.12,0.498489426,70,16,50,8,1.00,6,200,0.10, none, literal , false, false, true, false, false, false, false, true, false, false, false, false, true, true,6
mockito-1.5/run.13,0.498489426,20,20,50,8,1.00,6,200,0.10, none, literal , false, false, false, false, false, false, false, true, false, false, true, false, true, false,6
mockito-1.5/run.14,0.498489426,80,19,50,8,1.00,6,1000,0.10, none, none , false, false, false, false, true, true, true, true, false, false, true, false, true, true,6
mockito-1.5/run.15,0.498489426,80,19,50,8,1.00,6,200,0.10, none, declaration , false, false, true, false, true, false, true, true, false, false, false, false, true, true,6
mockito-1.5/run.16,0.498489426,50,20,50,8,1.00,6,1000,0.10, none, literal , false, false, false, false, false, true, false, false, false, false, true, false, true, false,6
mockito-1.5/run.17,0.498489426,80,17,50,8,1.00,7,400,0.00, none, literal , false, false, true, false, true, true, false, false, false, false, false, false, true, false,6
mockito-1.5/run.18,0.498489426,80,19,50,8,1.00,6,200,0.10, none, condition , false, false, true, false, false, false, true, true, false, false, false, false, true, false,6
mockito-1.5/run.19,0.498489426,70,16,50,8,1.00,6,100,0.10, none, none , false, false, false, false, false, true, false, false, false, false, true, false, true, false,6
mockito-1.5/run.2,0.498489426,80,18,50,8,1.00,6,800,0.10, none, declaration , false, false, false, false, false, true, false, true, false, false, true, false, true, false,6
mockito-1.5/run.3,0.498489426,70,20,50,8,1.00,7,200,0.00, none, literal , false, false, true, false, false, true, true, false, false, false, false, false, true, false,6
mockito-1.5/run.4,0.498489426,70,19,50,8,1.00,6,400,0.10, none, declaration , false, false, false, false, true, true, true, false, false, false, true, false, true, true,6
mockito-1.5/run.5,0.498489426,50,20,50,8,1.00,7,100,0.10, none, none , false, false, true, false, false, true, true, false, false, false, true, false, true, true,6
mockito-1.5/run.6,0.498489426,80,17,50,8,1.00,5,1000,0.10, none, condition , false, false, false, false, true, false, true, false, false, false, true, false, true, false,6
mockito-1.5/run.7,0.498489426,80,17,50,8,1.00,7,200,0.10, none, literal , false, false, false, false, false, true, false, false, false, false, false, false, true, false,6
mockito-1.5/run.8,0.498489426,70,20,50,8,1.00,7,600,0.10, none, none , false, false, true, false, true, true, false, false, false, false, false, false, true, false,6
mockito-1.6/run.0,0.454385965,110,20,50,8,1.00,7,400,0.00, blind, literal , false, false, false, false, false, true, true, true, false, false, true, false, true, true,6
mockito-1.6/run.1,0.454385965,50,20,50,8,1.00,7,800,0.00, blind, literal , false, false, false, false, true, false, true, false, false, false, false, false, true, true,6
mockito-1.6/run.10,0.454385965,50,20,50,8,1.00,7,100,0.00, blind, literal , false, false, false, false, true, false, true, true, false, false, true, false, true, false,6
mockito-1.6/run.12,0.454385965,20,20,50,8,1.00,7,1000,0.00, blind, literal , false, false, true, false, false, true, false, false, false, false, true, false, true, false,6
mockito-1.6/run.14,0.454385965,30,20,50,8,1.00,7,400,0.00, blind, literal , false, false, true, false, false, true, true, true, false, false, false, false, true, false,6
mockito-1.6/run.15,0.454385965,110,20,50,8,1.00,7,100,0.00, blind, literal , false, false, true, false, false, true, true, false, false, false, true, false, true, true,6
mockito-1.6/run.16,0.454385965,110,20,50,8,1.00,7,600,0.00, blind, literal , false, false, false, false, true, true, true, false, false, false, true, false, true, false,6
mockito-1.6/run.17,0.454385965,50,20,50,8,1.00,7,200,0.00, blind, literal , false, false, true, false, false, false, false, false, false, false, false, false, true, true,6
mockito-1.6/run.18,0.454385965,110,20,50,8,1.00,7,400,0.00, blind, literal , false, false, true, false, true, false, false, false, false, false, false, false, true, false,6
mockito-1.6/run.19,0.454385965,80,20,50,8,1.00,7,1000,0.00, blind, literal , false, false, true, false, true, true, true, false, false, false, true, false, true, true,6
mockito-1.6/run.3,0.454385965,80,20,50,8,1.00,7,200,0.00, blind, literal , false, false, false, false, false, true, false, true, false, false, false, false, true, true,6
mockito-1.6/run.4,0.454385965,50,20,50,8,1.00,7,200,0.00, blind, literal , false, false, false, false, false, false, true, false, false, false, false, false, true, false,6
mockito-1.6/run.5,0.454385965,40,20,50,8,1.00,7,100,0.00, blind, literal , false, false, false, false, false, true, false, true, false, false, false, false, true, false,6
mockito-1.6/run.6,0.454385965,70,20,50,8,1.00,7,400,0.00, blind, literal , false, false, true, false, true, true, true, true, false, false, true, false, true, true,6
mockito-1.6/run.7,0.454385965,40,20,50,8,1.00,7,400,0.00, blind, literal , false, false, false, false, false, true, true, false, false, false, false, false, true, true,6
mockito-1.6/run.8,0.454385965,50,20,50,8,1.00,7,1000,0.00, blind, literal , false, false, true, false, false, true, true, false, false, false, true, false, true, false,6
mockito-1.6/run.9,0.454385965,80,20,50,8,1.00,7,600,0.00, blind, literal , false, false, true, false, false, false, true, true, false, false, true, false, true, false,6
mockito-1.6/run.11,0.41438925,110,10,30, inf,0.95,5,100,0.30, blind, literal , false, true, false, false, false, true, true, false, true, false, true, false, false, false,5
mockito-1.6/run.2,0.41438925,110,10,30, inf,0.95,5,100,0.30, blind, literal , false, true, true, true, true, false, true, false, true, false, true, false, false, false,5
mockito-1.7/run.0,0.416137356,110,14,50,16,0.95,6,400,0.30, blind, literal , false, true, false, true, true, false, false, false, false, false, false, true, false, false,7
mockito-1.7/run.1,0.416137356,110,14,50,16,0.95,6,1000,0.30, blind, literal , false, true, true, true, false, false, false, true, false, true, false, true, false, true,7
mockito-1.7/run.12,0.416137356,110,14,50,16,0.95,6,1000,0.30, blind, literal , false, true, false, true, false, true, true, false, false, false, false, true, false, false,7
mockito-1.7/run.13,0.416137356,110,14,50,16,0.95,6,1000,0.30, blind, literal , false, true, true, true, true, true, true, false, false, true, false, true, false, true,7
mockito-1.7/run.14,0.416137356,110,14,50,16,0.95,6,600,0.30, blind, literal , false, true, true, true, true, true, false, false, false, false, false, false, false, true,7
mockito-1.7/run.15,0.416137356,110,14,50,16,0.95,6,800,0.30, blind, literal , false, true, false, true, false, false, true, true, false, true, false, false, false, true,7
mockito-1.7/run.16,0.416137356,110,14,50,16,0.95,6,200,0.30, blind, literal , false, true, true, true, false, true, false, true, false, false, false, true, false, true,7
mockito-1.7/run.18,0.416137356,110,14,50,16,0.95,6,600,0.30, blind, literal , false, true, true, true, true, false, true, true, false, false, false, false, false, true,7
mockito-1.7/run.2,0.416137356,110,14,50,16,0.95,6,800,0.30, blind, literal , false, true, false, true, true, true, false, false, false, false, false, true, false, true,7
mockito-1.7/run.3,0.416137356,110,14,50,16,0.95,6,800,0.30, blind, literal , false, true, true, true, false, true, false, true, false, false, false, false, false, true,7
mockito-1.7/run.5,0.416137356,110,14,50,16,0.95,6,400,0.30, blind, literal , false, true, false, true, false, false, true, false, false, false, false, true, false, false,7
mockito-1.7/run.7,0.416137356,110,14,50,16,0.95,6,200,0.30, blind, literal , false, true, true, true, false, true, false, false, false, false, false, true, false, true,7
mockito-1.7/run.9,0.416137356,110,14,50,16,0.95,6,800,0.30, blind, literal , false, true, false, true, true, false, true, true, false, true, false, false, false, true,7
mockito-1.7/run.10,0.408892526,110,17,50,5,1.00,5,800,0.00, blind, literal , false, true, true, false, false, false, false, true, false, false, false, false, false, false,7
mockito-1.7/run.11,0.408892526,20,17,50,5,1.00,5,1000,0.00, blind, literal , false, true, false, false, true, true, true, false, false, true, false, true, false, false,7
mockito-1.7/run.19,0.408892526,110,17,50,5,1.00,6,600,0.00, blind, literal , false, true, true, false, false, false, true, true, false, true, false, false, false, false,7
mockito-1.7/run.4,0.408892526,20,17,50,5,1.00,5,800,0.00, blind, literal , false, true, true, false, true, false, false, false, false, true, false, true, false, true,7
mockito-1.7/run.6,0.408892526,110,17,50,5,1.00,6,1000,0.00, blind, literal , false, true, true, false, true, false, false, false, false, true, false, true, false, true,7
mockito-1.7/run.8,0.408892526,110,17,50,5,1.00,6,800,0.00, blind, literal , false, true, true, false, true, true, true, false, false, true, false, false, false, true,7
mockito-1.7/run.17,0.404533316,110,11,30, inf,0.90,5,100,0.30, blind, literal , false, true, false, true, false, true, false, true, true, false, true, false, false, true,5
mockito-1.8/run.17,0.411949686,110,17,50,5,1.00,5,100,0.10, blind, declaration , true, true, true, false, false, false, true, false, false, false, false, true, false, true,7
mockito-1.8/run.0,0.411949686,110,17,50,5,1.00,5,600,0.10, blind, declaration , true, true, false, false, false, false, true, false, false, true, false, true, true, true,7
mockito-1.8/run.1,0.411949686,110,17,50,5,1.00,5,600,0.10, blind, declaration , true, true, false, false, true, false, false, false, false, false, false, false, false, false,7
mockito-1.8/run.13,0.411949686,110,17,50,5,1.00,5,600,0.10, blind, declaration , true, true, false, false, true, false, true, false, false, false, false, true, true, false,7
mockito-1.8/run.5,0.411949686,110,17,50,5,1.00,5,600,0.10, blind, declaration , true, true, true, false, true, true, false, true, false, true, false, false, false, false,7
mockito-1.8/run.8,0.411949686,110,17,50,5,1.00,5,200,0.10, blind, declaration , true, true, true, false, false, false, true, true, false, false, false, false, true, true,7
mockito-1.8/run.18,0.411949686,110,17,50,5,1.00,5,1000,0.10, blind, declaration , true, true, false, false, false, true, false, false, false, false, false, false, true, false,7
mockito-1.8/run.2,0.411949686,110,17,50,5,1.00,5,1000,0.10, blind, declaration , true, true, true, false, true, false, true, false, false, false, false, false, true, false,7
mockito-1.8/run.23,0.411949686,110,17,50,5,1.00,5,1000,0.10, blind, declaration , true, true, true, false, false, false, true, true, false, true, false, true, true, false,7
mockito-1.8/run.3,0.411949686,110,17,50,5,1.00,5,100,0.10, blind, declaration , true, true, true, false, true, false, false, false, false, false, false, false, false, true,7
mockito-1.8/run.4,0.411949686,110,17,50,5,1.00,5,1000,0.10, blind, declaration , true, true, false, false, true, false, true, false, false, false, false, false, true, true,7
mockito-1.8/run.12,0.410677618,110,17,50,5,1.00,5,100,0.00, blind, literal , true, true, false, false, false, false, true, true, false, false, false, true, true, true,7
mockito-1.8/run.11,0.403739612,70,16,50,5,1.00,7,1000,0.00, none, literal , false, false, false, false, false, true, false, true, false, false, false, false, false, false,6
mockito-1.8/run.2,0.403739612,60,17,50,5,1.00,6,600,0.00, none, literal , false, false, true, false, true, true, true, false, false, false, false, false, false, false,6
mockito-1.8/run.3,0.403739612,50,18,50,5,1.00,5,1000,0.10, none, declaration , false, false, true, false, false, false, true, true, false, false, false, false, false, false,6
mockito-1.8/run.4,0.403739612,70,20,50,5,1.00,6,200,0.00, none, literal , false, false, false, false, false, true, true, false, false, false, false, false, true, true,6
mockito-1.8/run.9,0.403739612,30,18,50,5,1.00,7,200,0.00, none, literal , false, false, true, false, true, false, true, true, false, false, false, false, true, false,6
mockito-1.8/run.10,0.383737113,110,10,30, inf,0.90,5,400,0.30, blind, expression , false, true, false, true, true, true, true, true, true, false, true, true, false, false,5
mockito-1.8/run.6,0.383737113,110,10,30, inf,0.90,5,600,0.30, blind, expression , false, true, false, true, false, false, false, true, true, true, true, false, false, false,5
mockito-1.8/run.7,0.383737113,110,10,30, inf,0.90,5,1000,0.30, blind, expression , false, true, true, false, true, true, true, true, true, false, true, false, false, false,5
mockito-1.9/run.0,0.388512994,110,10,50, inf,0.90,5,100,0.30, blind, expression , false, true, true, true, false, false, false, false, true, false, true, false, false, true,5
mockito-1.9/run.11,0.388512994,110,10,50, inf,0.90,5,800,0.30, blind, expression , false, true, true, false, false, false, false, false, true, false, true, false, false, false,5
mockito-1.9/run.12,0.388512994,110,10,50, inf,0.90,5,200,0.30, blind, expression , false, true, false, true, false, false, false, true, true, true, true, true, false, true,5
mockito-1.9/run.13,0.388512994,110,10,50, inf,0.90,5,1000,0.30, blind, expression , false, true, true, true, true, true, false, false, true, false, true, false, false, false,5
mockito-1.9/run.16,0.388512994,110,10,50, inf,0.90,5,200,0.30, blind, expression , false, true, true, true, true, false, false, false, true, true, true, true, false, false,5
mockito-1.9/run.17,0.388512994,110,10,50, inf,0.90,5,100,0.30, blind, expression , false, true, false, false, true, false, false, true, true, false, true, false, false, true,5
mockito-1.9/run.18,0.388512994,110,10,50, inf,0.90,5,800,0.30, blind, expression , false, true, true, true, true, true, true, true, true, false, true, true, false, false,5
mockito-1.9/run.2,0.388512994,110,10,50, inf,0.90,5,600,0.30, blind, expression , false, true, true, true, false, true, true, true, true, true, true, true, false, false,5
mockito-1.9/run.20,0.388512994,110,10,50, inf,0.90,5,1000,0.30, blind, expression , false, true, false, false, false, true, false, false, true, true, true, true, false, true,5
mockito-1.9/run.3,0.388512994,110,10,50, inf,0.90,5,100,0.30, blind, expression , false, true, false, false, false, false, false, false, true, false, true, false, false, false,5
mockito-1.9/run.4,0.388512994,110,10,50, inf,0.90,5,400,0.30, blind, expression , false, true, false, true, false, false, true, true, true, true, true, true, false, true,5
mockito-1.9/run.5,0.388512994,110,10,50, inf,0.90,5,100,0.30, blind, expression , false, true, true, true, false, false, false, false, true, true, true, true, false, false,5
mockito-1.9/run.7,0.388512994,110,10,50, inf,0.90,5,100,0.30, blind, expression , false, true, true, true, true, false, false, true, true, false, true, false, false, false,5
mockito-1.9/run.8,0.388512994,110,10,50, inf,0.90,5,1000,0.30, blind, expression , false, true, true, true, true, false, false, false, true, true, true, true, false, false,5
mockito-1.9/run.9,0.388512994,110,10,50, inf,0.90,5,100,0.30, blind, expression , false, true, true, true, true, true, false, true, true, false, true, false, false, true,5
mockito-1.9/run.10,0.383898776,30,17,50,8,1.00,6,800,0.10, none, declaration , true, true, false, false, true, true, true, true, false, false, false, false, false, true,7
mockito-1.9/run.14,0.383898776,30,17,50,8,1.00,6,600,0.10, none, declaration , true, true, false, false, true, true, false, false, false, false, false, false, false, false,7
mockito-1.9/run.19,0.383898776,30,17,50,8,1.00,6,800,0.10, none, declaration , true, true, true, false, true, true, false, false, false, false, false, false, false, false,7
mockito-1.9/run.1,0.382622774,30,17,50,8,1.00,5,100,0.00, blind, literal , true, true, true, false, true, true, true, true, false, true, false, true, true, true,7
mockito-1.9/run.15,0.377883651,30,17,50,8,1.00,5,800,0.00, blind, literal , true, true, true, false, false, true, true, false, true, false, false, false, true, false,7
mockito-1.10/run.0,0.385813772,110,10,50, inf,0.90,5,800,0.30, blind, expression , false, true, false, true, false, false, false, false, true, true, true, true, false, false,5
mockito-1.10/run.1,0.385813772,110,10,50, inf,0.90,5,400,0.30, blind, expression , false, true, true, true, true, false, false, true, true, false, true, false, false, true,5
mockito-1.10/run.10,0.385813772,110,10,50, inf,0.90,5,600,0.30, blind, expression , false, true, false, true, true, true, true, false, true, true, true, false, false, false,5
mockito-1.10/run.11,0.385813772,110,10,50, inf,0.90,5,100,0.30, blind, expression , false, true, false, true, false, true, true, true, true, false, true, false, false, true,5
mockito-1.10/run.12,0.385813772,110,10,50, inf,0.90,5,1000,0.30, blind, expression , false, true, false, true, true, false, false, false, true, false, true, false, false, true,5
mockito-1.10/run.13,0.385813772,110,10,50, inf,0.90,5,100,0.30, blind, expression , false, true, false, true, false, true, false, true, true, false, true, false, false, false,5
mockito-1.10/run.14,0.385813772,110,10,50, inf,0.90,5,1000,0.30, blind, expression , false, true, true, false, false, true, false, false, true, false, true, false, false, false,5
mockito-1.10/run.15,0.385813772,110,10,50, inf,0.90,5,400,0.30, blind, expression , false, true, true, false, false, true, true, true, true, true, true, true, false, false,5
mockito-1.10/run.16,0.385813772,110,10,50, inf,0.90,5,200,0.30, blind, expression , false, true, false, true, true, false, true, false, true, false, true, false, false, false,5
mockito-1.10/run.17,0.385813772,110,10,50, inf,0.90,5,1000,0.30, blind, expression , false, true, false, false, false, true, true, false, true, true, true, false, false, true,5
mockito-1.10/run.18,0.385813772,110,10,50, inf,0.90,5,100,0.30, blind, expression , false, true, true, true, false, true, true, false, true, false, true, false, false, true,5
mockito-1.10/run.19,0.385813772,110,10,50, inf,0.90,5,200,0.30, blind, expression , false, true, false, false, true, false, true, true, true, true, true, false, false, true,5
mockito-1.10/run.2,0.385813772,110,10,50, inf,0.90,5,800,0.30, blind, expression , false, true, true, false, true, true, true, false, true, true, true, false, false, false,5
mockito-1.10/run.3,0.385813772,110,10,50, inf,0.90,5,1000,0.30, blind, expression , false, true, false, false, true, true, false, false, true, true, true, false, false, false,5
mockito-1.10/run.4,0.385813772,110,10,50, inf,0.90,5,200,0.30, blind, expression , false, true, true, true, true, false, false, false, true, false, true, false, false, false,5
mockito-1.10/run.5,0.385813772,110,10,50, inf,0.90,5,200,0.30, blind, expression , false, true, true, true, true, true, true, false, true, true, true, true, false, false,5
mockito-1.10/run.6,0.385813772,110,10,50, inf,0.90,5,100,0.30, blind, expression , false, true, true, true, false, false, false, false, true, false, true, true, false, false,5
mockito-1.10/run.7,0.385813772,110,10,50, inf,0.90,5,800,0.30, blind, expression , false, true, false, false, true, true, true, true, true, false, true, false, false, false,5
mockito-1.10/run.8,0.385813772,110,10,50, inf,0.90,5,1000,0.30, blind, expression , false, true, false, true, false, false, false, false, true, true, true, false, false, true,5
mockito-1.10/run.9,0.385813772,110,10,50, inf,0.90,5,600,0.30, blind, expression , false, true, false, true, false, false, false, false, true, false, true, false, false, false,5
mockito-2.0.0/run.9,0.385111851,110,10,50, inf,0.90,5,1000,0.30, blind, expression , false, true, false, false, true, false, true, false, true, false, true, false, false, false,5
mockito-2.0.0/run.8,0.385111851,110,10,50, inf,0.90,5,800,0.30, blind, expression , false, true, true, false, true, true, true, true, true, false, true, false, false, false,5
mockito-2.0.0/run.7,0.385111851,110,10,50, inf,0.90,5,400,0.30, blind, expression , false, true, true, true, false, false, true, false, true, true, true, false, false, true,5
mockito-2.0.0/run.6,0.385111851,110,10,50, inf,0.90,5,400,0.30, blind, expression , false, true, true, false, true, true, true, false, true, false, true, false, false, false,5
mockito-2.0.0/run.5,0.385111851,110,10,50, inf,0.90,5,400,0.30, blind, expression , false, true, true, true, true, true, false, true, true, true, true, true, false, false,5
mockito-2.0.0/run.4,0.385111851,110,10,50, inf,0.90,5,200,0.30, blind, expression , false, true, true, false, false, true, true, false, true, true, true, false, false, true,5
mockito-2.0.0/run.3,0.385111851,110,10,50, inf,0.90,5,100,0.30, blind, expression , false, true, true, false, false, false, false, true, true, true, true, true, false, false,5
mockito-2.0.0/run.2,0.385111851,110,10,50, inf,0.90,5,100,0.30, blind, expression , false, true, true, true, true, false, true, true, true, true, true, false, false, true,5
mockito-2.0.0/run.19,0.385111851,110,10,50, inf,0.90,5,800,0.30, blind, expression , false, true, false, true, true, false, true, false, true, false, true, true, false, false,5
mockito-2.0.0/run.18,0.385111851,110,10,50, inf,0.90,5,200,0.30, blind, expression , false, true, false, true, true, true, false, false, true, true, true, false, false, false,5
mockito-2.0.0/run.17,0.385111851,110,10,50, inf,0.90,5,400,0.30, blind, expression , false, true, true, true, false, false, false, false, true, true, true, false, false, false,5
mockito-2.0.0/run.16,0.385111851,110,10,50, inf,0.90,5,200,0.30, blind, expression , false, true, false, true, false, true, false, true, true, true, true, false, false, false,5
mockito-2.0.0/run.15,0.385111851,110,10,50, inf,0.90,5,200,0.30, blind, expression , false, true, true, false, false, true, false, true, true, true, true, true, false, true,5
mockito-2.0.0/run.13,0.385111851,110,10,50, inf,0.90,5,1000,0.30, blind, expression , false, true, true, false, false, true, false, true, true, true, true, false, false, true,5
mockito-2.0.0/run.12,0.385111851,110,10,50, inf,0.90,5,800,0.30, blind, expression , false, true, true, true, true, false, true, true, true, false, true, true, false, false,5
mockito-2.0.0/run.11,0.385111851,110,10,50, inf,0.90,5,800,0.30, blind, expression , false, true, true, false, false, true, false, false, true, true, true, false, false, true,5
mockito-2.0.0/run.10,0.385111851,110,10,50, inf,0.90,5,200,0.30, blind, expression , false, true, false, true, true, false, true, true, true, true, true, true, false, true,5
mockito-2.0.0/run.1,0.385111851,110,10,50, inf,0.90,5,1000,0.30, blind, expression , false, true, true, true, false, false, true, true, true, true, true, false, false, true,5
mockito-2.0.0/run.0,0.385111851,110,10,50, inf,0.90,5,600,0.30, blind, expression , false, true, true, false, true, false, false, true, true, false, true, false, false, false,5
mockito-2.0.0/run.14,0.35972316,70,20,50,8,1.00,5,200,0.10, none, declaration , true, false, true, false, false, false, true, false, true, false, false, false, true, true,7
mockito-2.0.44/run.1,0.393220018,110,10,50, inf,0.90,5,200,0.30, blind, expression , false, true, false, true, true, false, true, true, true, true, true, true, false, false,5
mockito-2.0.44/run.10,0.393220018,110,10,50, inf,0.90,5,800,0.30, blind, expression , false, true, true, true, false, true, true, false, true, true, true, false, false, true,5
mockito-2.0.44/run.11,0.393220018,110,10,50, inf,0.90,5,100,0.30, blind, expression , false, true, true, false, false, false, false, true, true, true, true, false, false, true,5
mockito-2.0.44/run.12,0.393220018,110,10,50, inf,0.90,5,800,0.30, blind, expression , false, true, true, true, false, true, true, true, true, false, true, false, false, true,5
mockito-2.0.44/run.13,0.393220018,110,10,50, inf,0.90,5,400,0.30, blind, expression , false, true, false, false, false, false, false, true, true, true, true, true, false, true,5
mockito-2.0.44/run.14,0.393220018,110,10,50, inf,0.90,5,100,0.30, blind, expression , false, true, true, true, false, false, true, true, true, false, true, false, false, false,5
mockito-2.0.44/run.15,0.393220018,110,10,50, inf,0.90,5,400,0.30, blind, expression , false, true, false, true, true, true, false, true, true, true, true, true, false, true,5
mockito-2.0.44/run.16,0.393220018,110,10,50, inf,0.90,5,600,0.30, blind, expression , false, true, true, false, true, true, false, true, true, true, true, true, false, false,5
mockito-2.0.44/run.17,0.393220018,110,10,50, inf,0.90,5,600,0.30, blind, expression , false, true, false, true, true, false, false, true, true, false, true, true, false, false,5
mockito-2.0.44/run.18,0.393220018,110,10,50, inf,0.90,5,400,0.30, blind, expression , false, true, false, true, true, false, false, false, true, false, true, false, false, false,5
mockito-2.0.44/run.19,0.393220018,110,10,50, inf,0.90,5,800,0.30, blind, expression , false, true, true, true, false, false, false, false, true, true, true, false, false, false,5
mockito-2.0.44/run.2,0.393220018,110,10,50, inf,0.90,5,100,0.30, blind, expression , false, true, false, true, true, true, true, true, true, true, true, false, false, true,5
mockito-2.0.44/run.3,0.393220018,110,10,50, inf,0.90,5,200,0.30, blind, expression , false, true, true, false, false, true, false, false, true, true, true, true, false, false,5
mockito-2.0.44/run.4,0.393220018,110,10,50, inf,0.90,5,1000,0.30, blind, expression , false, true, false, true, true, false, true, false, true, false, true, false, false, false,5
mockito-2.0.44/run.5,0.393220018,110,10,50, inf,0.90,5,100,0.30, blind, expression , false, true, false, false, false, false, true, false, true, true, true, false, false, true,5
mockito-2.0.44/run.6,0.393220018,110,10,50, inf,0.90,5,1000,0.30, blind, expression , false, true, true, false, false, false, true, false, true, true, true, false, false, false,5
mockito-2.0.44/run.7,0.393220018,110,10,50, inf,0.90,5,100,0.30, blind, expression , false, true, true, true, false, false, false, true, true, false, true, false, false, true,5
mockito-2.0.44/run.8,0.393220018,110,10,50, inf,0.90,5,200,0.30, blind, expression , false, true, true, true, true, false, true, false, true, true, true, true, false, false,5
mockito-2.0.44/run.9,0.393220018,110,10,50, inf,0.90,5,800,0.30, blind, expression , false, true, true, true, false, false, true, false, true, true, true, false, false, false,5